{
    "CLAIM_TARGET_BALANCE": 100,
    "BALANCE_INCREASE_RATE": 0.2854436585624388,
    "ETCPOW_INCREMENT": 0.0010961036489205503
}