{
    "CLAIM_TARGET_BALANCE": 100,
    "BALANCE_INCREASE_RATE": 0.16185837751502077,
    "ETCPOW_INCREMENT": 0.0006250520876739729
}