{
    "CLAIM_TARGET_BALANCE": 100,
    "BALANCE_INCREASE_RATE": 0.5215513761387771,
    "ETCPOW_INCREMENT": 0.0020027572844474252
}