{
    "CLAIM_TARGET_BALANCE": 100,
    "BALANCE_INCREASE_RATE": 0.23312544759218493,
    "ETCPOW_INCREMENT": 0.0008952017187873
}