{
    "CLAIM_TARGET_BALANCE": 100,
    "BALANCE_INCREASE_RATE": 0.20954446786231115,
    "ETCPOW_INCREMENT": 0.0008046507566212153
}