{
    "CLAIM_TARGET_BALANCE": 100,
    "BALANCE_INCREASE_RATE": 0.21293942773766814,
    "ETCPOW_INCREMENT": 0.0008176874025430711
}