{
    "CLAIM_TARGET_BALANCE": 100,
    "BALANCE_INCREASE_RATE": 0.2940289637292434,
    "ETCPOW_INCREMENT": 0.0011290712207623068
}