{
    "CLAIM_TARGET_BALANCE": 100,
    "BALANCE_INCREASE_RATE": 0.20665243205498715,
    "ETCPOW_INCREMENT": 0.0007935453391206779
}