{
    "CLAIM_TARGET_BALANCE": 100,
    "BALANCE_INCREASE_RATE": 0.24047133992330683,
    "ETCPOW_INCREMENT": 0.0009234099453398578
}