{
    "CLAIM_TARGET_BALANCE": 100,
    "BALANCE_INCREASE_RATE": 0.2082899315165956,
    "ETCPOW_INCREMENT": 0.0007998333370534884
}