{
    "CLAIM_TARGET_BALANCE": 100,
    "BALANCE_INCREASE_RATE": 0.2062920336733077,
    "ETCPOW_INCREMENT": 0.0007921614093349774
}