{
    "CLAIM_TARGET_BALANCE": 100,
    "BALANCE_INCREASE_RATE": 0.17341717066159604,
    "ETCPOW_INCREMENT": 0.0006659219353653072
}