{
    "CLAIM_TARGET_BALANCE": 100,
    "BALANCE_INCREASE_RATE": 0.22669193581501462,
    "ETCPOW_INCREMENT": 0.0008704970335620468
}