{
    "CLAIM_TARGET_BALANCE": 100,
    "BALANCE_INCREASE_RATE": 0.21332344834675315,
    "ETCPOW_INCREMENT": 0.0008191620416820126
}