{
    "CLAIM_TARGET_BALANCE": 50,
    "BALANCE_INCREASE_RATE": 0.09326760563380282,
    "ETCPOW_INCREMENT": 0.00033309859154929576
}