{
    "CLAIM_TARGET_BALANCE": 100,
    "BALANCE_INCREASE_RATE": 0.30237181009272657,
    "ETCPOW_INCREMENT": 0.001161107750799274
}