{
    "CLAIM_TARGET_BALANCE": 100,
    "BALANCE_INCREASE_RATE": 0.2071591105223724,
    "ETCPOW_INCREMENT": 0.0007954909844355096
}