{
    "CLAIM_TARGET_BALANCE": 100,
    "BALANCE_INCREASE_RATE": 0.0847887323943662,
    "ETCPOW_INCREMENT": 0.0003028169014084507
}