{
    "CLAIM_TARGET_BALANCE": 100,
    "BALANCE_INCREASE_RATE": 0.20924792518711235,
    "ETCPOW_INCREMENT": 0.0008035120327484097
}