{
    "CLAIM_TARGET_BALANCE": 100,
    "BALANCE_INCREASE_RATE": 0.2273891812923388,
    "ETCPOW_INCREMENT": 0.0008731744561950712
}