{
    "CLAIM_TARGET_BALANCE": 100,
    "BALANCE_INCREASE_RATE": 0.23882061802599364,
    "ETCPOW_INCREMENT": 0.0009170711732539392
}