{
  "CLAIM_TARGET_BALANCE": 100,
  "BALANCE_INCREASE_RATE": 0.09679166666275,
  "ETCPOW_INCREMENT": 0.000344
}