{
    "CLAIM_TARGET_BALANCE": 100,
    "BALANCE_INCREASE_RATE": 0.2514088248847495,
    "ETCPOW_INCREMENT": 0.0009654098875933603
}