{
    "CLAIM_TARGET_BALANCE": 100,
    "BALANCE_INCREASE_RATE": 0.27438611020244635,
    "ETCPOW_INCREMENT": 0.0010536426632165993
}