{
    "CLAIM_TARGET_BALANCE": 100,
    "BALANCE_INCREASE_RATE": 0.23582107677088246,
    "ETCPOW_INCREMENT": 0.0009055529348338837
}