{
    "CLAIM_TARGET_BALANCE": 100,
    "BALANCE_INCREASE_RATE": 0.2321190190507744,
    "ETCPOW_INCREMENT": 0.0008913370331881398
}