{
    "CLAIM_TARGET_BALANCE": 100,
    "BALANCE_INCREASE_RATE": 0.20697786895586115,
    "ETCPOW_INCREMENT": 0.0007947950168200806
}