{
    "CLAIM_TARGET_BALANCE": 100,
    "BALANCE_INCREASE_RATE": 0.27400475355171333,
    "ETCPOW_INCREMENT": 0.00105217825367773
}