{
    "CLAIM_TARGET_BALANCE": 100,
    "BALANCE_INCREASE_RATE": 0.2846194709053769,
    "ETCPOW_INCREMENT": 0.0010929387683173148
}