{
    "CLAIM_TARGET_BALANCE": 100,
    "BALANCE_INCREASE_RATE": 0.2355862420001486,
    "ETCPOW_INCREMENT": 0.0009046511693142323
}