{
    "CLAIM_TARGET_BALANCE": 100,
    "BALANCE_INCREASE_RATE": 0.25815768683604245,
    "ETCPOW_INCREMENT": 0.0009913255174872895
}