{
    "CLAIM_TARGET_BALANCE": 100,
    "BALANCE_INCREASE_RATE": 0.25782007870155765,
    "ETCPOW_INCREMENT": 0.0009900291022508197
}