{
    "CLAIM_TARGET_BALANCE": 100,
    "BALANCE_INCREASE_RATE": 0.27217637392608063,
    "ETCPOW_INCREMENT": 0.0010451572759150392
}