{
    "CLAIM_TARGET_BALANCE": 100,
    "BALANCE_INCREASE_RATE": 0.2478270523952957,
    "ETCPOW_INCREMENT": 0.000951655881233346
}