{
    "CLAIM_TARGET_BALANCE": 100,
    "BALANCE_INCREASE_RATE": 0.29735508322844306,
    "ETCPOW_INCREMENT": 0.0011418435196397087
}