{
    "CLAIM_TARGET_BALANCE": 100,
    "BALANCE_INCREASE_RATE": 0.301523966628281,
    "ETCPOW_INCREMENT": 0.0011578520318956819
}