{
    "CLAIM_TARGET_BALANCE": 100,
    "BALANCE_INCREASE_RATE": 0.29178059227497444,
    "ETCPOW_INCREMENT": 0.0011204374743775927
}