{
    "CLAIM_TARGET_BALANCE": 100,
    "BALANCE_INCREASE_RATE": 0.2630957564685824,
    "ETCPOW_INCREMENT": 0.0010102877048769484
}