{
    "CLAIM_TARGET_BALANCE": 100,
    "BALANCE_INCREASE_RATE": 0.28914165756117,
    "ETCPOW_INCREMENT": 0.0011103039650762064
}