{
    "CLAIM_TARGET_BALANCE": 100,
    "BALANCE_INCREASE_RATE": 0.30668356782026096,
    "ETCPOW_INCREMENT": 0.0011776649004736222
}