{
    "CLAIM_TARGET_BALANCE": 100,
    "BALANCE_INCREASE_RATE": 0.24876519896587723,
    "ETCPOW_INCREMENT": 0.0009552583640645132
}