{
    "CLAIM_TARGET_BALANCE": 100,
    "BALANCE_INCREASE_RATE": 0.1636008720097997,
    "ETCPOW_INCREMENT": 0.0006317811173259653
}