{
    "CLAIM_TARGET_BALANCE": 100,
    "BALANCE_INCREASE_RATE": 0.31317938074735147,
    "ETCPOW_INCREMENT": 0.0012026088221145778
}