{
    "CLAIM_TARGET_BALANCE": 100,
    "BALANCE_INCREASE_RATE": 0.22151283166343566,
    "ETCPOW_INCREMENT": 0.0008506092736192436
}