{
    "CLAIM_TARGET_BALANCE": 100,
    "BALANCE_INCREASE_RATE": 0.22105746983418922,
    "ETCPOW_INCREMENT": 0.0008488606841948721
}