{
    "CLAIM_TARGET_BALANCE": 100,
    "BALANCE_INCREASE_RATE": 0.2664740980136847,
    "ETCPOW_INCREMENT": 0.001023260536410624
}