{
    "CLAIM_TARGET_BALANCE": 100,
    "BALANCE_INCREASE_RATE": 0.2809020472768336,
    "ETCPOW_INCREMENT": 0.0010786638615831775
}