{
    "CLAIM_TARGET_BALANCE": 100,
    "BALANCE_INCREASE_RATE": 0.23568011976145573,
    "ETCPOW_INCREMENT": 0.000905011659917665
}