{
    "CLAIM_TARGET_BALANCE": 100,
    "BALANCE_INCREASE_RATE": 0.2933726490780621,
    "ETCPOW_INCREMENT": 0.0011265509725016767
}