{
    "CLAIM_TARGET_BALANCE": 100,
    "BALANCE_INCREASE_RATE": 0.24459853620404184,
    "ETCPOW_INCREMENT": 0.0009392583790584699
}