{
    "CLAIM_TARGET_BALANCE": 100,
    "BALANCE_INCREASE_RATE": 0.23262114475570236,
    "ETCPOW_INCREMENT": 0.0008932651958951348
}