{
    "CLAIM_TARGET_BALANCE": 100,
    "BALANCE_INCREASE_RATE": 0.20701409189407527,
    "ETCPOW_INCREMENT": 0.0007949341129028281
}