{
    "CLAIM_TARGET_BALANCE": 100,
    "BALANCE_INCREASE_RATE": 0.2071228368206525,
    "ETCPOW_INCREMENT": 0.0007953516934209
}