{
    "CLAIM_TARGET_BALANCE": 100,
    "BALANCE_INCREASE_RATE": 0.2807686971475781,
    "ETCPOW_INCREMENT": 0.0010781517970868172
}