{
    "CLAIM_TARGET_BALANCE": 100,
    "BALANCE_INCREASE_RATE": 0.24648437613726742,
    "ETCPOW_INCREMENT": 0.0009465000044023255
}