{
    "CLAIM_TARGET_BALANCE": 100,
    "BALANCE_INCREASE_RATE": 0.21088937797873888,
    "ETCPOW_INCREMENT": 0.00080981521146849
}