{
    "CLAIM_TARGET_BALANCE": 100,
    "BALANCE_INCREASE_RATE": 0.24439638865346,
    "ETCPOW_INCREMENT": 0.0009384821324642067
}