{
    "CLAIM_TARGET_BALANCE": 100,
    "BALANCE_INCREASE_RATE": 0.24424499712631562,
    "ETCPOW_INCREMENT": 0.0009379007889999506
}