{
    "CLAIM_TARGET_BALANCE": 100,
    "BALANCE_INCREASE_RATE": 0.20766827968447094,
    "ETCPOW_INCREMENT": 0.0007974461940180408
}