{
    "CLAIM_TARGET_BALANCE": 100,
    "BALANCE_INCREASE_RATE": 0.2079603588401453,
    "ETCPOW_INCREMENT": 0.0007985677779758721
}