{
    "CLAIM_TARGET_BALANCE": 100,
    "BALANCE_INCREASE_RATE": 0.21909215059876763,
    "ETCPOW_INCREMENT": 0.0008413138583305723
}