{
    "CLAIM_TARGET_BALANCE": 100,
    "BALANCE_INCREASE_RATE": 0.30121683755608514,
    "ETCPOW_INCREMENT": 0.001156672656258406
}