{
    "CLAIM_TARGET_BALANCE": 100,
    "BALANCE_INCREASE_RATE": 0.2906335432635741,
    "ETCPOW_INCREMENT": 0.0011160328061736511
}