{
    "CLAIM_TARGET_BALANCE": 100,
    "BALANCE_INCREASE_RATE": 0.20999086118990704,
    "ETCPOW_INCREMENT": 0.0008063649069992474
}