{
    "CLAIM_TARGET_BALANCE": 100,
    "BALANCE_INCREASE_RATE": 0.25631170554339033,
    "ETCPOW_INCREMENT": 0.0009842369493232416
}