{
    "CLAIM_TARGET_BALANCE": 100,
    "BALANCE_INCREASE_RATE": 0.153998962984031,
    "ETCPOW_INCREMENT": 0.0005947012121993041
}