{
    "CLAIM_TARGET_BALANCE": 100,
    "BALANCE_INCREASE_RATE": 0.22023431783331712,
    "ETCPOW_INCREMENT": 0.0008456997805114057
}