{
    "CLAIM_TARGET_BALANCE": 50,
    "BALANCE_INCREASE_RATE": 0.09957894736842106,
    "ETCPOW_INCREMENT": 1.816901408450704
}