{
    "CLAIM_TARGET_BALANCE": 100,
    "BALANCE_INCREASE_RATE": 0.08169999999999998,
    "ETCPOW_INCREMENT": 0.0002917857142857142
}