{
    "CLAIM_TARGET_BALANCE": 100,
    "BALANCE_INCREASE_RATE": 0.28136977190360285,
    "ETCPOW_INCREMENT": 0.0010804599241500382
}