{
    "CLAIM_TARGET_BALANCE": 1000,
    "BALANCE_INCREASE_RATE": 0.20338351462908294,
    "ETCPOW_INCREMENT": 0.0007809926962047387
}