{
    "CLAIM_TARGET_BALANCE": 100,
    "BALANCE_INCREASE_RATE": 0.23017678946930265,
    "ETCPOW_INCREMENT": 0.0008838788715950107
}