{
    "CLAIM_TARGET_BALANCE": 100,
    "BALANCE_INCREASE_RATE": 0.21282449101884604,
    "ETCPOW_INCREMENT": 0.000817246045542778
}