{
    "CLAIM_TARGET_BALANCE": 100,
    "BALANCE_INCREASE_RATE": 0.273814472472858,
    "ETCPOW_INCREMENT": 0.0010514475743348983
}