{
    "CLAIM_TARGET_BALANCE": 100,
    "BALANCE_INCREASE_RATE": 0.25504064706398155,
    "ETCPOW_INCREMENT": 0.0009793560847621303
}