{
    "CLAIM_TARGET_BALANCE": 100,
    "BALANCE_INCREASE_RATE": 0.2116819114321307,
    "ETCPOW_INCREMENT": 0.0008128585399296278
}