{
    "CLAIM_TARGET_BALANCE": 100,
    "BALANCE_INCREASE_RATE": 0.2418974480741813,
    "ETCPOW_INCREMENT": 0.0009288862006394193
}