{
    "CLAIM_TARGET_BALANCE": 100,
    "BALANCE_INCREASE_RATE": 0.1682136690959537,
    "ETCPOW_INCREMENT": 0.0006459404893524972
}