{
    "CLAIM_TARGET_BALANCE": 100,
    "BALANCE_INCREASE_RATE": 0.1979713005996228,
    "ETCPOW_INCREMENT": 0.0007602097943308386
}