{
    "CLAIM_TARGET_BALANCE": 100,
    "BALANCE_INCREASE_RATE": 0.23728756691730116,
    "ETCPOW_INCREMENT": 0.0009111842569963411
}