{
    "CLAIM_TARGET_BALANCE": 100,
    "BALANCE_INCREASE_RATE": 0.20705032751317107,
    "ETCPOW_INCREMENT": 0.000795073257680161
}