{
    "CLAIM_TARGET_BALANCE": 100,
    "BALANCE_INCREASE_RATE": 0.21126603341360004,
    "ETCPOW_INCREMENT": 0.0008112615683384105
}