{
    "CLAIM_TARGET_BALANCE": 100,
    "BALANCE_INCREASE_RATE": 0.24793094132943752,
    "ETCPOW_INCREMENT": 0.0009520548147404654
}