{
    "CLAIM_TARGET_BALANCE": 100,
    "BALANCE_INCREASE_RATE": 0.2069054610954603,
    "ETCPOW_INCREMENT": 0.0007945169706361309
}