{
    "CLAIM_TARGET_BALANCE": 100,
    "BALANCE_INCREASE_RATE": 0.26599472027945725,
    "ETCPOW_INCREMENT": 0.0010214197259111222
}