{
    "CLAIM_TARGET_BALANCE": 100,
    "BALANCE_INCREASE_RATE": 0.2799712475935494,
    "ETCPOW_INCREMENT": 0.001075089590799233
}