{
    "CLAIM_TARGET_BALANCE": 100,
    "BALANCE_INCREASE_RATE": 0.2802365603133728,
    "ETCPOW_INCREMENT": 0.0010761083916433927
}