{
    "CLAIM_TARGET_BALANCE": 100,
    "BALANCE_INCREASE_RATE": 0.28655002933206064,
    "ETCPOW_INCREMENT": 0.0011003521126760562
}