{
    "CLAIM_TARGET_BALANCE": 100,
    "BALANCE_INCREASE_RATE": 0.2998424641527874,
    "ETCPOW_INCREMENT": 0.0011513950623895464
}