{
    "CLAIM_TARGET_BALANCE": 100,
    "BALANCE_INCREASE_RATE": 0.21081420799906367,
    "ETCPOW_INCREMENT": 0.0008095265587465265
}