{
    "CLAIM_TARGET_BALANCE": 100,
    "BALANCE_INCREASE_RATE": 0.23381666753958222,
    "ETCPOW_INCREMENT": 0.0008978560033854043
}