{
    "CLAIM_TARGET_BALANCE": 100,
    "BALANCE_INCREASE_RATE": 0.23521147764620132,
    "ETCPOW_INCREMENT": 0.0009032120741950209
}