{
    "CLAIM_TARGET_BALANCE": 100,
    "BALANCE_INCREASE_RATE": 0.24535957707586523,
    "ETCPOW_INCREMENT": 0.0009421807760063805
}