{
    "CLAIM_TARGET_BALANCE": 100,
    "BALANCE_INCREASE_RATE": 0.21386341006739226,
    "ETCPOW_INCREMENT": 0.0008212354946893439
}