{
    "CLAIM_TARGET_BALANCE": 100,
    "BALANCE_INCREASE_RATE": 0.30160084678295423,
    "ETCPOW_INCREMENT": 0.001158147251689638
}