{
    "CLAIM_TARGET_BALANCE": 100,
    "BALANCE_INCREASE_RATE": 0.23474469559093994,
    "ETCPOW_INCREMENT": 0.0009014196311027507
}