{
    "CLAIM_TARGET_BALANCE": 100,
    "BALANCE_INCREASE_RATE": 0.2325754072124944,
    "ETCPOW_INCREMENT": 0.0008930895637292097
}