{
    "CLAIM_TARGET_BALANCE": 100,
    "BALANCE_INCREASE_RATE": 0.24824313139197196,
    "ETCPOW_INCREMENT": 0.0009532536245806422
}