{
    "CLAIM_TARGET_BALANCE": 100,
    "BALANCE_INCREASE_RATE": 0.2753441622632091,
    "ETCPOW_INCREMENT": 0.0010573215831300652
}