{
    "CLAIM_TARGET_BALANCE": 100,
    "BALANCE_INCREASE_RATE": 0.2074133826201554,
    "ETCPOW_INCREMENT": 0.0007964673892910327
}