{
    "CLAIM_TARGET_BALANCE": 100,
    "BALANCE_INCREASE_RATE": 0.26089071925071605,
    "ETCPOW_INCREMENT": 0.0010018203619600267
}