{
    "CLAIM_TARGET_BALANCE": 100,
    "BALANCE_INCREASE_RATE": 0.2120994299951132,
    "ETCPOW_INCREMENT": 0.0008144618112115403
}