{
    "CLAIM_TARGET_BALANCE": 100,
    "BALANCE_INCREASE_RATE": 0.22411491494557528,
    "ETCPOW_INCREMENT": 0.0008606012734230315
}