{
    "CLAIM_TARGET_BALANCE": 100,
    "BALANCE_INCREASE_RATE": 0.25531589058552695,
    "ETCPOW_INCREMENT": 0.000980413019884904
}