{
    "CLAIM_TARGET_BALANCE": 100,
    "BALANCE_INCREASE_RATE": 0.2830530081557182,
    "ETCPOW_INCREMENT": 0.0010869235513584017
}