{
    "CLAIM_TARGET_BALANCE": 100,
    "BALANCE_INCREASE_RATE": 0.2547111371840539,
    "ETCPOW_INCREMENT": 0.0009780907668231612
}