{
    "CLAIM_TARGET_BALANCE": 100,
    "BALANCE_INCREASE_RATE": 0.1982035055433556,
    "ETCPOW_INCREMENT": 0.0007611014613148057
}