{
    "CLAIM_TARGET_BALANCE": 100,
    "BALANCE_INCREASE_RATE": 0.2862726333694933,
    "ETCPOW_INCREMENT": 0.001099286912179758
}