{
    "CLAIM_TARGET_BALANCE": 100,
    "BALANCE_INCREASE_RATE": 0.26077568806938856,
    "ETCPOW_INCREMENT": 0.0010013786422237126
}