{
    "CLAIM_TARGET_BALANCE": 1000,
    "BALANCE_INCREASE_RATE": 0.22932891064031533,
    "ETCPOW_INCREMENT": 0.0008806230168915782
}