{
    "CLAIM_TARGET_BALANCE": 100,
    "BALANCE_INCREASE_RATE": 0.24586957411821792,
    "ETCPOW_INCREMENT": 0.0009441391646490875
}