{
    "CLAIM_TARGET_BALANCE": 100,
    "BALANCE_INCREASE_RATE": 0.25443719532861825,
    "ETCPOW_INCREMENT": 0.0009770388300982492
}