{
    "CLAIM_TARGET_BALANCE": 100,
    "BALANCE_INCREASE_RATE": 0.23103096114897392,
    "ETCPOW_INCREMENT": 0.0008871588908450703
}