{
    "CLAIM_TARGET_BALANCE": 100,
    "BALANCE_INCREASE_RATE": 0.2894246442580735,
    "ETCPOW_INCREMENT": 0.0011113906339923563
}