{
    "CLAIM_TARGET_BALANCE": 100,
    "BALANCE_INCREASE_RATE": 0.2432905226414534,
    "ETCPOW_INCREMENT": 0.0009342356069779433
}