{
    "CLAIM_TARGET_BALANCE": 100,
    "BALANCE_INCREASE_RATE": 0.2610634564296505,
    "ETCPOW_INCREMENT": 0.0010024836727271598
}