{
    "CLAIM_TARGET_BALANCE": 100,
    "BALANCE_INCREASE_RATE": 0.08026666666666667,
    "ETCPOW_INCREMENT": 0.0002866666666666667
}