{
    "CLAIM_TARGET_BALANCE": 100,
    "BALANCE_INCREASE_RATE": 0.29564571884097635,
    "ETCPOW_INCREMENT": 0.0011352795603915922
}