{
    "CLAIM_TARGET_BALANCE": 100,
    "BALANCE_INCREASE_RATE": 0.25114193653561495,
    "ETCPOW_INCREMENT": 0.0009643850363326456
}