{
    "CLAIM_TARGET_BALANCE": 100,
    "BALANCE_INCREASE_RATE": 0.24736062757899338,
    "ETCPOW_INCREMENT": 0.0009498648099386784
}