{
    "CLAIM_TARGET_BALANCE": 100,
    "BALANCE_INCREASE_RATE": 0.21153049375585592,
    "ETCPOW_INCREMENT": 0.000812277096052711
}