{
    "CLAIM_TARGET_BALANCE": 100,
    "BALANCE_INCREASE_RATE": 0.24944717863406712,
    "ETCPOW_INCREMENT": 0.0009578771659904598
}