{
    "CLAIM_TARGET_BALANCE": 100,
    "BALANCE_INCREASE_RATE": 0.29579357866535294,
    "ETCPOW_INCREMENT": 0.0011358473421172195
}