{
    "CLAIM_TARGET_BALANCE": 100,
    "BALANCE_INCREASE_RATE": 0.2254390167872587,
    "ETCPOW_INCREMENT": 0.000865685824495285
}