{
    "CLAIM_TARGET_BALANCE": 100,
    "BALANCE_INCREASE_RATE": 0.2507692433925687,
    "ETCPOW_INCREMENT": 0.0009629538946632946
}