{
    "CLAIM_TARGET_BALANCE": 100,
    "BALANCE_INCREASE_RATE": 0.2529680327379697,
    "ETCPOW_INCREMENT": 0.0009713972457499487
}