{
    "CLAIM_TARGET_BALANCE": 100,
    "BALANCE_INCREASE_RATE": 0.17200501978809746,
    "ETCPOW_INCREMENT": 0.000660499276010871
}