{
    "CLAIM_TARGET_BALANCE": 100,
    "BALANCE_INCREASE_RATE": 0.0834890510948905,
    "ETCPOW_INCREMENT": 0.0002981751824817518
}