{
    "CLAIM_TARGET_BALANCE": 100,
    "BALANCE_INCREASE_RATE": 0.1648840982830703,
    "ETCPOW_INCREMENT": 0.0006331549374305492
}