{
    "CLAIM_TARGET_BALANCE": 100,
    "BALANCE_INCREASE_RATE": 0.25917583722233706,
    "ETCPOW_INCREMENT": 0.0009952352149708063
}