{
    "CLAIM_TARGET_BALANCE": 100,
    "BALANCE_INCREASE_RATE": 0.6778673473253561,
    "ETCPOW_INCREMENT": 0.002603010613826224
}