{
    "CLAIM_TARGET_BALANCE": 100,
    "BALANCE_INCREASE_RATE": 0.21066402868793344,
    "ETCPOW_INCREMENT": 0.0008089498701917649
}