{
    "CLAIM_TARGET_BALANCE": 100,
    "BALANCE_INCREASE_RATE": 0.22039845744042227,
    "ETCPOW_INCREMENT": 0.000846330076602713
}