{
    "CLAIM_TARGET_BALANCE": 100,
    "BALANCE_INCREASE_RATE": 0.24602298691404875,
    "ETCPOW_INCREMENT": 0.0009447282697850999
}