{
    "CLAIM_TARGET_BALANCE": 100,
    "BALANCE_INCREASE_RATE": 0.230940749918537,
    "ETCPOW_INCREMENT": 0.0008868124797201797
}