{
    "CLAIM_TARGET_BALANCE": 100,
    "BALANCE_INCREASE_RATE": 0.23363194175049307,
    "ETCPOW_INCREMENT": 0.0008971466563552756
}