{
    "CLAIM_TARGET_BALANCE": 100,
    "BALANCE_INCREASE_RATE": 0.198869959832338,
    "ETCPOW_INCREMENT": 0.0007636606457845932
}