{
    "CLAIM_TARGET_BALANCE": 100,
    "BALANCE_INCREASE_RATE": 0.2724898689432726,
    "ETCPOW_INCREMENT": 0.0010463610967811011
}