{
    "CLAIM_TARGET_BALANCE": 100,
    "BALANCE_INCREASE_RATE": 0.25258990413895926,
    "ETCPOW_INCREMENT": 0.0009699452319296947
}