{
    "CLAIM_TARGET_BALANCE": 100,
    "BALANCE_INCREASE_RATE": 0.2631542872264174,
    "ETCPOW_INCREMENT": 0.0010105124629870433
}