{
    "CLAIM_TARGET_BALANCE": 100,
    "BALANCE_INCREASE_RATE": 0.28752516312171766,
    "ETCPOW_INCREMENT": 0.0011040966264284785
}