{
    "CLAIM_TARGET_BALANCE": 100,
    "BALANCE_INCREASE_RATE": 0.22180358542710413,
    "ETCPOW_INCREMENT": 0.0008517257680717721
}