{
    "CLAIM_TARGET_BALANCE": 100,
    "BALANCE_INCREASE_RATE": 0.20035205302892045,
    "ETCPOW_INCREMENT": 0.0007693518836596816
}