{
    "CLAIM_TARGET_BALANCE": 100,
    "BALANCE_INCREASE_RATE": 0.2814367168885907,
    "ETCPOW_INCREMENT": 0.001080716992892401
}