{
    "CLAIM_TARGET_BALANCE": 50,
    "BALANCE_INCREASE_RATE": 508.7323943661971,
    "ETCPOW_INCREMENT": 1.816901408450704
}