{
    "CLAIM_TARGET_BALANCE": 100,
    "BALANCE_INCREASE_RATE": 0.2840044468385946,
    "ETCPOW_INCREMENT": 0.001090577075900783
}