{
    "CLAIM_TARGET_BALANCE": 100,
    "BALANCE_INCREASE_RATE": 0.24066704396393615,
    "ETCPOW_INCREMENT": 0.0009241614488559024
}