{
    "CLAIM_TARGET_BALANCE": 500,
    "BALANCE_INCREASE_RATE": 0.16780798993938806,
    "ETCPOW_INCREMENT": 0.0006443826813912273
}