{
    "CLAIM_TARGET_BALANCE": 100,
    "BALANCE_INCREASE_RATE": 0.24730891095186,
    "ETCPOW_INCREMENT": 0.0009496662180904789
}