{
    "CLAIM_TARGET_BALANCE": 100,
    "BALANCE_INCREASE_RATE": 0.164976083833019,
    "ETCPOW_INCREMENT": 0.0006335081619423655
}