{
    "CLAIM_TARGET_BALANCE": 60,
    "BALANCE_INCREASE_RATE": 0.07207042253521127,
    "ETCPOW_INCREMENT": 0.0002573943661971831
}