{
    "CLAIM_TARGET_BALANCE": 100,
    "BALANCE_INCREASE_RATE": 0.23225574731646303,
    "ETCPOW_INCREMENT": 0.0008918620697284037
}