{
    "CLAIM_TARGET_BALANCE": 100,
    "BALANCE_INCREASE_RATE": 0.3037695226201198,
    "ETCPOW_INCREMENT": 0.0011664749669046638
}