{
    "CLAIM_TARGET_BALANCE": 100,
    "BALANCE_INCREASE_RATE": 0.21409565992447901,
    "ETCPOW_INCREMENT": 0.0008221273341405902
}