{
    "CLAIM_TARGET_BALANCE": 100,
    "BALANCE_INCREASE_RATE": 0.24525783144987487,
    "ETCPOW_INCREMENT": 0.0009417900728025628
}