{
    "CLAIM_TARGET_BALANCE": 100,
    "BALANCE_INCREASE_RATE": 0.20244369691643788,
    "ETCPOW_INCREMENT": 0.0007773837961880473
}