{
    "CLAIM_TARGET_BALANCE": 100,
    "BALANCE_INCREASE_RATE": 0.28759506955573705,
    "ETCPOW_INCREMENT": 0.001104365067135123
}