{
    "CLAIM_TARGET_BALANCE": 100,
    "BALANCE_INCREASE_RATE": 0.28420915931829566,
    "ETCPOW_INCREMENT": 0.0010913631718228642
}