{
    "CLAIM_TARGET_BALANCE": 100,
    "BALANCE_INCREASE_RATE": 0.2571475045832057,
    "ETCPOW_INCREMENT": 0.000987446417636252
}