{
    "CLAIM_TARGET_BALANCE": 100,
    "BALANCE_INCREASE_RATE": 0.17686580757816184,
    "ETCPOW_INCREMENT": 0.0006791647011254127
}