{
    "CLAIM_TARGET_BALANCE": 100,
    "BALANCE_INCREASE_RATE": 0.20106723118863612,
    "ETCPOW_INCREMENT": 0.000772098167793092
}