{
    "CLAIM_TARGET_BALANCE": 100,
    "BALANCE_INCREASE_RATE": 0.2538910755704542,
    "ETCPOW_INCREMENT": 0.0009749417302268213
}