{
    "CLAIM_TARGET_BALANCE": 100,
    "BALANCE_INCREASE_RATE": 0.2853059626345264,
    "ETCPOW_INCREMENT": 0.0010955748965573468
}