{
    "CLAIM_TARGET_BALANCE": 100,
    "BALANCE_INCREASE_RATE": 0.23709731831684633,
    "ETCPOW_INCREMENT": 0.0009104537023705673
}