{
    "CLAIM_TARGET_BALANCE": 100,
    "BALANCE_INCREASE_RATE": 0.2097302342345295,
    "ETCPOW_INCREMENT": 0.0008053640994905604
}