{
    "CLAIM_TARGET_BALANCE": 100,
    "BALANCE_INCREASE_RATE": 0.23615063307701065,
    "ETCPOW_INCREMENT": 0.000906818431049463
}