{
    "CLAIM_TARGET_BALANCE": 100,
    "BALANCE_INCREASE_RATE": 0.2077412225294602,
    "ETCPOW_INCREMENT": 0.00079772629454281
}