{
    "CLAIM_TARGET_BALANCE": 100,
    "BALANCE_INCREASE_RATE": 0.25798877231902867,
    "ETCPOW_INCREMENT": 0.0009906768857419325
}