{
    "CLAIM_TARGET_BALANCE": 100,
    "BALANCE_INCREASE_RATE": 0.28571944953689526,
    "ETCPOW_INCREMENT": 0.0010971626862625026
}