{
    "CLAIM_TARGET_BALANCE": 100,
    "BALANCE_INCREASE_RATE": 0.22326887902656598,
    "ETCPOW_INCREMENT": 0.0008573524954939148
}