{
    "CLAIM_TARGET_BALANCE": 100,
    "BALANCE_INCREASE_RATE": 0.17713065604713185,
    "ETCPOW_INCREMENT": 0.0006801817192462954
}