{
    "CLAIM_TARGET_BALANCE": 100,
    "BALANCE_INCREASE_RATE": 0.22314252425631886,
    "ETCPOW_INCREMENT": 0.0008568672931761479
}