{
    "CLAIM_TARGET_BALANCE": 70,
    "BALANCE_INCREASE_RATE": 0.06384848484848483,
    "ETCPOW_INCREMENT": 0.000228030303030303
}