{
    "CLAIM_TARGET_BALANCE": 100,
    "BALANCE_INCREASE_RATE": 4.385645933014354,
    "ETCPOW_INCREMENT": 0.0006591647011254127
}