{
    "CLAIM_TARGET_BALANCE": 100,
    "BALANCE_INCREASE_RATE": 0.2333093729946245,
    "ETCPOW_INCREMENT": 0.0008959079923326944
}