{
    "CLAIM_TARGET_BALANCE": 100,
    "BALANCE_INCREASE_RATE": 0.2487128934152116,
    "ETCPOW_INCREMENT": 0.0009550575107499495
}