{
    "CLAIM_TARGET_BALANCE": 100,
    "BALANCE_INCREASE_RATE": 0.23771674459058412,
    "ETCPOW_INCREMENT": 0.0009128322992618088
}