{
    "CLAIM_TARGET_BALANCE": 100,
    "BALANCE_INCREASE_RATE": 0.24813898071800847,
    "ETCPOW_INCREMENT": 0.0009528536859926076
}