{
    "CLAIM_TARGET_BALANCE": 100,
    "BALANCE_INCREASE_RATE": 0.19850285636562282,
    "ETCPOW_INCREMENT": 0.0007622509684723545
}