{
    "CLAIM_TARGET_BALANCE": 100,
    "BALANCE_INCREASE_RATE": 0.20803350704937504,
    "ETCPOW_INCREMENT": 0.0007988486670993248
}