{
    "CLAIM_TARGET_BALANCE": 100,
    "BALANCE_INCREASE_RATE": 0.24971047521273934,
    "ETCPOW_INCREMENT": 0.0009588882248525988
}