{
    "CLAIM_TARGET_BALANCE": 100,
    "BALANCE_INCREASE_RATE": 0.28318853748689166,
    "ETCPOW_INCREMENT": 0.001087443983990127
}