{
    "CLAIM_TARGET_BALANCE": 100,
    "BALANCE_INCREASE_RATE": 0.2371924044681665,
    "ETCPOW_INCREMENT": 0.0009108188331916503
}