{
    "CLAIM_TARGET_BALANCE": 100,
    "BALANCE_INCREASE_RATE": 0.24264174791440954,
    "ETCPOW_INCREMENT": 0.0009317443120260021
}