{
    "CLAIM_TARGET_BALANCE": 100,
    "BALANCE_INCREASE_RATE": 0.24500383618118193,
    "ETCPOW_INCREMENT": 0.0009408147309707457
}