{
    "CLAIM_TARGET_BALANCE": 100,
    "BALANCE_INCREASE_RATE": 0.2449023853173388,
    "ETCPOW_INCREMENT": 0.0009404251596535736
}