{
    "CLAIM_TARGET_BALANCE": 100,
    "BALANCE_INCREASE_RATE": 0.2962380468526788,
    "ETCPOW_INCREMENT": 0.0011375540999566142
}