{
    "CLAIM_TARGET_BALANCE": 100,
    "BALANCE_INCREASE_RATE": 0.2762444000660314,
    "ETCPOW_INCREMENT": 0.0010607784962930315
}