{
    "CLAIM_TARGET_BALANCE": 70,
    "BALANCE_INCREASE_RATE": 0.0684090909090909,
    "ETCPOW_INCREMENT": 0.0002443181818181818
}