{
    "CLAIM_TARGET_BALANCE": 100,
    "BALANCE_INCREASE_RATE": 0.16895850893911535,
    "ETCPOW_INCREMENT": 0.0006488006743503444
}