{
    "CLAIM_TARGET_BALANCE": 100,
    "BALANCE_INCREASE_RATE": 0.24150235220145905,
    "ETCPOW_INCREMENT": 0.0009273690324881095
}