{
    "CLAIM_TARGET_BALANCE": 100,
    "BALANCE_INCREASE_RATE": 0.19747554609060874,
    "ETCPOW_INCREMENT": 0.0007583060970161537
}