{
    "CLAIM_TARGET_BALANCE": 100,
    "BALANCE_INCREASE_RATE": 0.255702231103058,
    "ETCPOW_INCREMENT": 0.0009818965674722785
}