{
    "CLAIM_TARGET_BALANCE": 100,
    "BALANCE_INCREASE_RATE": 0.23896535779449424,
    "ETCPOW_INCREMENT": 0.0009176269739650021
}