{
    "CLAIM_TARGET_BALANCE": 100,
    "BALANCE_INCREASE_RATE": 0.21006544505110042,
    "ETCPOW_INCREMENT": 0.0008066513090262406
}