{
    "CLAIM_TARGET_BALANCE": 100,
    "BALANCE_INCREASE_RATE": 0.20536085435464344,
    "ETCPOW_INCREMENT": 0.0007885856807511736
}