{
    "CLAIM_TARGET_BALANCE": 100,
    "BALANCE_INCREASE_RATE": 0.28123597743289264,
    "ETCPOW_INCREMENT": 0.0010799461533824919
}