{
    "CLAIM_TARGET_BALANCE": 100,
    "BALANCE_INCREASE_RATE": 0.21933590229607758,
    "ETCPOW_INCREMENT": 0.0008422498648482774
}