{
    "CLAIM_TARGET_BALANCE": 100,
    "BALANCE_INCREASE_RATE": 0.24592069045379342,
    "ETCPOW_INCREMENT": 0.0009443354513777048
}