{
    "CLAIM_TARGET_BALANCE": 100,
    "BALANCE_INCREASE_RATE": 0.2718011307634987,
    "ETCPOW_INCREMENT": 0.001043716342170671
}