{
    "CLAIM_TARGET_BALANCE": 100,
    "BALANCE_INCREASE_RATE": 0.24819104512856618,
    "ETCPOW_INCREMENT": 0.0009530536133291566
}