{
    "CLAIM_TARGET_BALANCE": 100,
    "BALANCE_INCREASE_RATE": 0.25269782548232134,
    "ETCPOW_INCREMENT": 0.0009703596498882205
}