{
    "CLAIM_TARGET_BALANCE": 50,
    "BALANCE_INCREASE_RATE": 0.07630985915492958,
    "ETCPOW_INCREMENT": 0.00027253521126760564
}