{
    "CLAIM_TARGET_BALANCE": 100,
    "BALANCE_INCREASE_RATE": 0.24444689421011498,
    "ETCPOW_INCREMENT": 0.0009386760738017691
}