{
    "CLAIM_TARGET_BALANCE": 70,
    "BALANCE_INCREASE_RATE": 0.07188059701492538,
    "ETCPOW_INCREMENT": 0.00025671641791044777
}