{
    "CLAIM_TARGET_BALANCE": 100,
    "BALANCE_INCREASE_RATE": 0.25189065610791017,
    "ETCPOW_INCREMENT": 0.0009672601194903663
}