{
    "CLAIM_TARGET_BALANCE": 100,
    "BALANCE_INCREASE_RATE": 0.20799692651358295,
    "ETCPOW_INCREMENT": 0.000798708197841878
}