{
    "CLAIM_TARGET_BALANCE": 100,
    "BALANCE_INCREASE_RATE": 0.2847565048345562,
    "ETCPOW_INCREMENT": 0.0010934649786053829
}