{
    "CLAIM_TARGET_BALANCE": 100,
    "BALANCE_INCREASE_RATE": 0.17862858971349235,
    "ETCPOW_INCREMENT": 0.0006859337845253338
}