{
    "CLAIM_TARGET_BALANCE": 100,
    "BALANCE_INCREASE_RATE": 0.2855814874656558,
    "ETCPOW_INCREMENT": 0.0010966329119089233
}