{
    "CLAIM_TARGET_BALANCE": 100,
    "BALANCE_INCREASE_RATE": 0.0796764705882353,
    "ETCPOW_INCREMENT": 0.0002845588235294118
}