{
    "CLAIM_TARGET_BALANCE": 100,
    "BALANCE_INCREASE_RATE": 0.2538365925070271,
    "ETCPOW_INCREMENT": 0.0009747325152632534
}