{
    "CLAIM_TARGET_BALANCE": 100,
    "BALANCE_INCREASE_RATE": 0.21792161405356414,
    "ETCPOW_INCREMENT": 0.0008368189979968239
}