{
    "CLAIM_TARGET_BALANCE": 100,
    "BALANCE_INCREASE_RATE": 0.24934201540530065,
    "ETCPOW_INCREMENT": 0.0009574733391919815
}