{
    "CLAIM_TARGET_BALANCE": 100,
    "BALANCE_INCREASE_RATE": 0.20021640505801394,
    "ETCPOW_INCREMENT": 0.0007688309954513812
}