{
    "CLAIM_TARGET_BALANCE": 100,
    "BALANCE_INCREASE_RATE": 0.2567567877323087,
    "ETCPOW_INCREMENT": 0.000985946064928752
}