{
    "CLAIM_TARGET_BALANCE": 100,
    "BALANCE_INCREASE_RATE": 0.2398374941368099,
    "ETCPOW_INCREMENT": 0.0009209759775196189
}