{
    "CLAIM_TARGET_BALANCE": 100,
    "BALANCE_INCREASE_RATE": 0.23507124822789077,
    "ETCPOW_INCREMENT": 0.0009026735932286885
}