{
    "CLAIM_TARGET_BALANCE": 100,
    "BALANCE_INCREASE_RATE": 0.21589314128175693,
    "ETCPOW_INCREMENT": 0.0008290296625527943
}