{
    "CLAIM_TARGET_BALANCE": 100,
    "BALANCE_INCREASE_RATE": 0.2801038411278111,
    "ETCPOW_INCREMENT": 0.001075598749970817
}