{
    "CLAIM_TARGET_BALANCE": 100,
    "BALANCE_INCREASE_RATE": 0.20719539693164238,
    "ETCPOW_INCREMENT": 0.0007956303242471116
}