{
    "CLAIM_TARGET_BALANCE": 100,
    "BALANCE_INCREASE_RATE": 0.2725526546273609,
    "ETCPOW_INCREMENT": 0.0010466021938080091
}