{
    "CLAIM_TARGET_BALANCE": 100,
    "BALANCE_INCREASE_RATE": 0.2883662898787777,
    "ETCPOW_INCREMENT": 0.0011073265531757095
}