{
    "CLAIM_TARGET_BALANCE": 100,
    "BALANCE_INCREASE_RATE": 0.2259126281670639,
    "ETCPOW_INCREMENT": 0.0008675044921938045
}