{
    "CLAIM_TARGET_BALANCE": 100,
    "BALANCE_INCREASE_RATE": 0.21664441778072277,
    "ETCPOW_INCREMENT": 0.0008319145643089304
}