{
    "CLAIM_TARGET_BALANCE": 10,
    "BALANCE_INCREASE_RATE": 0.08288405797101449,
    "ETCPOW_INCREMENT": 0.0002960144927536232
}