{
    "CLAIM_TARGET_BALANCE": 100,
    "BALANCE_INCREASE_RATE": 0.23809954128074606,
    "ETCPOW_INCREMENT": 0.0009143022385520855
}