{
    "CLAIM_TARGET_BALANCE": 100,
    "BALANCE_INCREASE_RATE": 0.2398861328498776,
    "ETCPOW_INCREMENT": 0.0009211627501778058
}