{
    "CLAIM_TARGET_BALANCE": 100,
    "BALANCE_INCREASE_RATE": 0.23867605348723694,
    "ETCPOW_INCREMENT": 0.0009165160454250929
}