{
    "CLAIM_TARGET_BALANCE": 100,
    "BALANCE_INCREASE_RATE": 0.24324049374516687,
    "ETCPOW_INCREMENT": 0.000934043496016196
}