{
    "CLAIM_TARGET_BALANCE": 100,
    "BALANCE_INCREASE_RATE": 0.20640002112768213,
    "ETCPOW_INCREMENT": 0.0007925760811597906
}