{
    "CLAIM_TARGET_BALANCE": 100,
    "BALANCE_INCREASE_RATE": 0.28634193199776,
    "ETCPOW_INCREMENT": 0.001099553018912312
}