{
    "CLAIM_TARGET_BALANCE": 100,
    "BALANCE_INCREASE_RATE": 0.2431404976531853,
    "ETCPOW_INCREMENT": 0.0009336595110229723
}