{
    "CLAIM_TARGET_BALANCE": 100,
    "BALANCE_INCREASE_RATE": 0.2078142166343546,
    "ETCPOW_INCREMENT": 0.0007980065919056149
}