{
    "CLAIM_TARGET_BALANCE": 100,
    "BALANCE_INCREASE_RATE": 0.08054929577464788,
    "ETCPOW_INCREMENT": 0.00028767605633802816
}