{
    "CLAIM_TARGET_BALANCE": 100,
    "BALANCE_INCREASE_RATE": 0.21198539804350292,
    "ETCPOW_INCREMENT": 0.0008140239285173406
}