{
    "CLAIM_TARGET_BALANCE": 100,
    "BALANCE_INCREASE_RATE": 0.1769716518675563,
    "ETCPOW_INCREMENT": 0.0006795711431967027
}