{
    "CLAIM_TARGET_BALANCE": 100,
    "BALANCE_INCREASE_RATE": 0.25793251659021943,
    "ETCPOW_INCREMENT": 0.000990460863743297
}