{
    "CLAIM_TARGET_BALANCE": 100,
    "BALANCE_INCREASE_RATE": 0.15648779061806925,
    "ETCPOW_INCREMENT": 0.0006043123730944016
}