{
    "CLAIM_TARGET_BALANCE": 100,
    "BALANCE_INCREASE_RATE": 0.23317140175098494,
    "ETCPOW_INCREMENT": 0.0008953781827570985
}