{
    "CLAIM_TARGET_BALANCE": 100,
    "BALANCE_INCREASE_RATE": 0.16095775222244477,
    "ETCPOW_INCREMENT": 0.0006180777685571862
}