{
    "CLAIM_TARGET_BALANCE": 100,
    "BALANCE_INCREASE_RATE": 0.2894954775043432,
    "ETCPOW_INCREMENT": 0.001111662633658042
}