{
    "CLAIM_TARGET_BALANCE": 100,
    "BALANCE_INCREASE_RATE": 0.2859957739561766,
    "ETCPOW_INCREMENT": 0.0010982237720325823
}