{
    "CLAIM_TARGET_BALANCE": 100,
    "BALANCE_INCREASE_RATE": 0.24986872012732284,
    "ETCPOW_INCREMENT": 0.000959495885324622
}