{
    "CLAIM_TARGET_BALANCE": 100,
    "BALANCE_INCREASE_RATE": 0.20069197846670284,
    "ETCPOW_INCREMENT": 0.0007706571973408145
}