{
    "CLAIM_TARGET_BALANCE": 100,
    "BALANCE_INCREASE_RATE": 0.2679833532131279,
    "ETCPOW_INCREMENT": 0.0010290560763767014
}