{
    "CLAIM_TARGET_BALANCE": 100,
    "BALANCE_INCREASE_RATE": 0.2543824776522035,
    "ETCPOW_INCREMENT": 0.0009768287142208087
}