{
    "CLAIM_TARGET_BALANCE": 100,
    "BALANCE_INCREASE_RATE": 0.17660174993770475,
    "ETCPOW_INCREMENT": 0.0006781507197860197
}