{
    "CLAIM_TARGET_BALANCE": 100,
    "BALANCE_INCREASE_RATE": 0.20891531633393615,
    "ETCPOW_INCREMENT": 0.0008022348147521653
}