{
    "CLAIM_TARGET_BALANCE": 100,
    "BALANCE_INCREASE_RATE": 0.19773963909775097,
    "ETCPOW_INCREMENT": 0.0007593202141636175
}