{
    "CLAIM_TARGET_BALANCE": 100,
    "BALANCE_INCREASE_RATE": 0.17615465689988777,
    "ETCPOW_INCREMENT": 0.0006764338825207387
}