{
    "CLAIM_TARGET_BALANCE": 100,
    "BALANCE_INCREASE_RATE": 0.20568223284346138,
    "ETCPOW_INCREMENT": 0.0007898197741482804
}