{
    "CLAIM_TARGET_BALANCE": 100,
    "BALANCE_INCREASE_RATE": 0.2564228313641332,
    "ETCPOW_INCREMENT": 0.0009846636724749102
}