{
    "CLAIM_TARGET_BALANCE": 100,
    "BALANCE_INCREASE_RATE": 0.29802935779358686,
    "ETCPOW_INCREMENT": 0.0011444327339699572
}