{
    "CLAIM_TARGET_BALANCE": 100,
    "BALANCE_INCREASE_RATE": 0.1983031887816842,
    "ETCPOW_INCREMENT": 0.0007614842449500018
}