{
    "CLAIM_TARGET_BALANCE": 100,
    "BALANCE_INCREASE_RATE": 0.26112108633173214,
    "ETCPOW_INCREMENT": 0.0010027049715511612
}