{
    "CLAIM_TARGET_BALANCE": 100,
    "BALANCE_INCREASE_RATE": 0.21577499472505407,
    "ETCPOW_INCREMENT": 0.0008285759797750385
}